enso_index,action_WWV,action_NPMM,action_SPMM,action_IOB,action_IOD,action_SIOD,action_TNA,action_ATL3,action_SASD,state_Nino34,state_WWV,state_NPMM,state_SPMM,state_IOB,state_IOD,state_SIOD,state_TNA,state_ATL3,state_SASD
0.23530251,1.0,1.0,1.0,-1.0,-1.0,0.6036574,-1.0,-1.0,1.0,0.23530251,2.7747052,0.47980228,0.53315896,0.16257235,0.079045296,0.0006856132,0.5847131,-0.4226597,0.48912862
0.36731198,1.0,1.0,1.0,-0.853043,0.40160382,-1.0,-1.0,-1.0,1.0,0.36731198,0.7456696,0.5346982,0.5403822,0.06504222,0.14390735,0.073964424,0.47811228,-0.42256495,0.20849809
0.21292664,1.0,1.0,1.0,-1.0,-1.0,-0.27146286,-1.0,-1.0,1.0,0.21292664,1.8294293,0.57246655,0.5761454,0.1062255,0.13930878,-0.005134757,0.43453768,-0.28618142,0.06435475
0.2558019,1.0,1.0,1.0,-0.59284085,0.57733154,-1.0,-1.0,-1.0,1.0,0.2558019,0.29131752,0.62499094,0.6113137,0.074788444,0.11461073,0.039666984,0.468874,-0.39705774,0.07025193
0.13757393,1.0,1.0,1.0,-1.0,-1.0,0.17886528,-1.0,-1.0,1.0,0.13757393,2.9191515,0.74072194,0.64919436,0.10477159,0.0071497713,0.10678188,0.35241485,-0.45169166,0.2726244
0.112492904,1.0,1.0,1.0,-1.0,-1.0,-0.022893772,-1.0,-1.0,1.0,0.112492904,2.9603693,0.860982,0.6560578,0.05343158,-0.11565692,0.18555494,0.30287662,-0.4557541,0.34562248
0.21568722,1.0,1.0,1.0,-1.0,-1.0,1.0,-1.0,-1.0,1.0,0.21568722,4.985568,0.89241594,0.66492945,0.030165639,0.020936402,0.07997852,0.3862746,-0.70151275,0.37662762
0.32617003,1.0,1.0,1.0,-1.0,-1.0,0.84054375,-1.0,-1.0,1.0,0.32617003,4.400121,0.94953567,0.75454557,0.035455372,-0.5289697,0.11929845,0.43060014,-0.40468213,0.40100154
0.5005674,1.0,1.0,0.90009344,-1.0,-1.0,1.0,-1.0,-1.0,1.0,0.5005674,7.4597073,1.0087306,0.76656955,-0.014946501,-0.6658981,0.13765901,0.5006501,-0.42533112,0.45887604
0.6553254,1.0,1.0,0.0054783076,-1.0,-1.0,1.0,-1.0,-1.0,1.0,0.6553254,10.518365,1.0286673,0.81614834,-0.010432663,-0.51550925,0.31795052,0.40937644,-0.29433164,0.388708
0.7863892,1.0,1.0,-0.39754033,-1.0,-1.0,1.0,-1.0,-1.0,1.0,0.7863892,12.7448435,0.9559292,0.8100048,-0.07843747,-0.4569271,0.3530037,0.45295653,-0.24241783,0.45082122
0.98367035,1.0,1.0,-0.59764886,-1.0,-1.0,1.0,-1.0,-1.0,1.0,0.98367035,14.9451,0.92263615,0.5558331,-0.14126943,-0.24614067,0.2339585,0.34869444,-0.31607762,0.43381867
1.252001,1.0,1.0,-0.839169,-1.0,-1.0,1.0,-1.0,-1.0,1.0,1.252001,14.9451,0.5982702,0.24319978,-0.05656736,-0.48634285,0.27316034,0.3239916,-0.43714586,0.4815578
1.4293422,1.0,1.0,-0.65363634,-1.0,-1.0,1.0,-1.0,-1.0,1.0,1.4293422,14.9451,0.7538642,-0.09435153,0.01704182,-0.5179375,0.22113101,0.25049412,-0.51839375,0.5876484
1.3570977,1.0,1.0,-0.5984172,-1.0,-1.0,1.0,-1.0,-1.0,1.0,1.3570977,14.9451,0.87241566,-0.213939,0.08035585,-0.563045,0.2667095,0.23976843,-0.8047398,0.40361893
1.3274255,1.0,1.0,-0.2330306,-1.0,-1.0,1.0,-1.0,-1.0,1.0,1.3274255,13.330274,0.92280364,-0.1855433,0.0616307,-0.5346401,0.41380662,0.1532085,-0.8697232,0.64342666
1.4073625,1.0,1.0,-0.40082085,-1.0,-1.0,1.0,-1.0,-1.0,1.0,1.4073625,14.579578,1.0790069,-0.17260738,0.046444356,-0.41210192,0.4502824,-0.047895946,-0.9911316,0.67986727
1.65808,1.0,1.0,-0.01713039,-1.0,-1.0,1.0,-1.0,-1.0,1.0,1.65808,13.714541,1.0442545,-0.02681712,0.14270277,-0.19109294,0.3783607,-0.10001034,-1.2200918,0.6479467
2.0751555,1.0,1.0,1.0,-1.0,-1.0,1.0,-1.0,-1.0,1.0,2.0751555,10.1165695,1.0407418,-0.11041079,0.17321366,-0.04460563,0.5855019,-0.10688257,-1.1474038,0.6408002
2.1985803,1.0,1.0,1.0,-1.0,-1.0,1.0,-1.0,-1.0,1.0,2.1985803,10.190337,1.062128,-0.13323358,0.15564191,0.15685739,0.56138396,-0.17735745,-1.0971236,0.6551703
2.4218764,1.0,1.0,1.0,-1.0,-1.0,1.0,-1.0,-1.0,1.0,2.4218764,9.101545,1.1723224,0.010612155,0.15146425,0.28435242,0.5420557,-0.10615089,-0.78987575,0.7696848
2.4571385,1.0,1.0,1.0,-1.0,-1.0,1.0,-1.0,-1.0,1.0,2.4571385,10.432967,1.2447622,0.06872085,0.1155051,0.5554708,0.59190166,-0.2709111,-0.51172394,0.7918094
2.7604933,1.0,1.0,1.0,-1.0,-1.0,1.0,-1.0,-1.0,1.0,2.7604933,8.65063,1.2563324,0.07423351,0.14214234,0.42953527,0.7345112,-0.33609018,-0.46537387,0.51576835
2.7604933,1.0,1.0,1.0,-1.0,0.38790804,0.37711912,-1.0,-1.0,1.0,2.7604933,5.2745733,1.1836133,0.27592257,0.23308402,0.3420363,0.8311588,-0.42709917,-0.48810923,-0.13346179
2.7172658,1.0,1.0,1.0,-0.7506277,1.0,-0.7130885,-1.0,-1.0,1.0,2.7172658,-0.96848035,1.0940511,0.37006006,0.19321856,0.2169142,0.6894727,-0.5539437,-0.45640907,-0.3202937
2.6121309,1.0,1.0,1.0,0.05518789,1.0,-1.0,-1.0,-1.0,1.0,2.6121309,-4.696991,0.9964791,0.578066,0.18029444,-0.43701884,0.50473416,-0.57008725,-0.46249518,-0.28467435
2.2004516,1.0,1.0,1.0,-0.372985,1.0,-1.0,-1.0,-1.0,1.0,2.2004516,-3.1872194,1.0488846,0.5893475,0.2357085,-0.21954316,0.41611505,-0.5351791,-0.5475353,-0.5877656
1.9698141,1.0,1.0,1.0,0.10354387,1.0,-1.0,-1.0,-1.0,1.0,1.9698141,-5.099437,1.1484563,0.44388455,0.27728185,0.13911854,0.4126014,-0.5138019,-0.69384617,-0.4130889
1.8894314,1.0,1.0,1.0,0.38917297,1.0,-1.0,-1.0,-1.0,1.0,1.8894314,-5.691127,1.162089,0.56221926,0.30871403,-0.014828513,0.37436527,-0.50797224,-1.0766248,-0.22754839
1.6055565,1.0,0.27357155,1.0,1.0,1.0,-1.0,-0.7021255,-1.0,0.63712466,1.6055565,-9.344049,1.1878083,0.57672656,0.32136783,0.08034577,0.35550913,-0.56326133,-1.2200918,-0.21523131
1.5146666,1.0,0.5437663,1.0,1.0,1.0,-1.0,-0.83792245,-1.0,0.7996167,1.5146666,-8.211535,1.2514026,0.56212777,0.34024328,-0.031195031,0.18453968,-0.64956015,-0.9727074,-0.27490002
1.3693503,1.0,0.55206275,1.0,1.0,1.0,-1.0,-0.91130793,-1.0,0.7877309,1.3693503,-7.931353,1.277288,0.6160726,0.28637642,0.1650793,0.11668086,-0.6734102,-0.7857949,-0.19272865
1.4727893,1.0,0.13514362,1.0,1.0,1.0,-1.0,-0.7029259,-1.0,0.5294821,1.4727893,-9.132461,1.3461609,0.66209465,0.2132175,0.29800162,0.100532085,-0.6126881,-0.64318806,-0.039314587
1.5030302,1.0,1.0,1.0,0.7681482,1.0,-1.0,-1.0,-1.0,1.0,1.5030302,-6.3717227,1.3448037,0.66933876,0.23736764,0.5138934,-0.006126338,-0.47323367,-0.59820473,-0.09186943
1.5840697,1.0,1.0,1.0,0.5623125,1.0,-1.0,-1.0,-1.0,1.0,1.5840697,-6.3316207,1.3461609,0.7480577,0.24266635,0.51900244,0.28097272,-0.44927105,-0.5996519,-0.47668245
1.680784,1.0,1.0,1.0,0.32934892,1.0,-1.0,-1.0,-1.0,1.0,1.680784,-6.683552,1.3461609,0.751453,0.22540836,0.35976404,0.40523162,-0.47250006,-0.5422985,-1.0551964
1.5515294,0.86049837,0.68662596,1.0,1.0,1.0,-1.0,-0.310209,-1.0,0.61256427,1.5515294,-9.755757,1.2891165,0.48909086,0.18696177,0.057314906,0.10238363,-0.5415054,-0.42144692,-1.4807032
1.4246477,0.98069733,1.0,1.0,0.75834525,1.0,-1.0,-0.729616,-1.0,1.0,1.4246477,-7.7877603,1.2841079,0.45242104,0.16487654,-0.07546883,0.21715933,-0.4999662,-0.40278524,-1.3697321
1.325091,0.37237424,-1.0,1.0,1.0,1.0,-1.0,0.34818694,0.30742052,-0.18911669,1.325091,-11.548545,1.3252965,0.28848946,0.17035474,-0.11140486,0.16820991,-0.45561892,-0.46930054,-1.196623
1.0549672,0.011356518,-1.0,1.0,1.0,1.0,-1.0,1.0,1.0,-0.5320876,1.0549672,-13.364539,1.1812159,0.22485869,0.16709895,-0.13944954,-0.022605292,-0.34369105,-0.47416392,-0.761155
0.7114203,-0.13530375,-1.0,1.0,1.0,1.0,-1.0,1.0,1.0,-0.647508,0.7114203,-14.573198,0.9852797,0.30945805,0.24127984,0.11156431,-0.007348153,-0.23068543,-0.40148455,-0.8270638
0.4965954,0.23606448,-1.0,1.0,1.0,1.0,-1.0,0.281122,0.07234749,-0.36742356,0.4965954,-10.106086,0.7798089,0.41204646,0.23810193,0.3267653,-0.17255531,-0.18373273,-0.5266382,-0.7827169
0.38483614,-0.017236784,-1.0,1.0,1.0,1.0,-1.0,1.0,1.0,-0.6238731,0.38483614,-13.292012,0.7032063,0.5389915,0.26146412,0.50587624,-0.23910527,-0.16772662,-0.33395606,-0.84790146
0.19360319,-0.102396086,-1.0,1.0,1.0,1.0,-1.0,1.0,1.0,-0.7710064,0.19360319,-13.4431305,0.6002104,0.6520475,0.33948556,0.8952575,-0.05827039,-0.16199976,-0.115928136,-0.7544046
0.07753936,-0.2527274,-1.0,1.0,1.0,1.0,-1.0,1.0,1.0,-0.8976916,0.07753936,-16.663786,0.5749789,0.6081661,0.26240394,0.9318584,-0.000672694,-0.12502562,-0.1367599,-0.62444323
0.11731568,-0.13851525,-1.0,1.0,1.0,1.0,-1.0,1.0,1.0,-0.8583897,0.11731568,-16.055773,0.50989306,0.79713887,0.21061696,1.003098,-0.26963663,-0.034727406,-0.1713167,-0.8845893
0.089122094,0.00012032688,-1.0,1.0,1.0,1.0,-1.0,0.83520323,0.4358209,-0.72950494,0.089122094,-13.381721,0.37007686,0.8742845,0.2096146,0.8730194,-0.38090673,0.01104504,-0.006802168,-1.0686127
0.040790655,0.10764168,-1.0,1.0,1.0,1.0,-1.0,0.49338955,-0.34540883,-0.64880264,0.040790655,-11.9124775,0.13853543,0.8479324,0.19171812,0.7063504,-0.4961314,-0.09334481,0.070721805,-0.9404451
0.012765488,-0.15171815,-1.0,1.0,1.0,1.0,-1.0,1.0,0.96372986,-0.76016533,0.012765488,-10.757572,0.08154473,0.8287876,0.29416874,0.6359496,-0.5108625,-0.07773549,0.14259268,-0.9051722
0.056521606,-0.19516475,-1.0,1.0,1.0,1.0,-1.0,1.0,1.0,-0.7455946,0.056521606,-11.677884,-0.017310131,0.7692457,0.31070167,0.43896532,-0.53849334,0.017822815,0.2267922,-0.994189
0.024292944,-0.38363367,-1.0,1.0,1.0,1.0,-1.0,1.0,1.0,-0.8232142,0.024292944,-14.060627,-0.027072819,0.6773563,0.30352587,0.37054545,-0.42556435,0.28307492,0.22654474,-1.0603403
-0.123966575,-0.40523064,-1.0,1.0,1.0,1.0,-1.0,1.0,1.0,-0.8482195,-0.123966575,-15.094619,-0.058286652,0.7423832,0.19110513,0.43764105,-0.30143082,0.3340077,0.29272613,-1.1185846
-0.24095574,-0.48146117,-1.0,1.0,1.0,1.0,-1.0,1.0,1.0,-0.87325835,-0.24095574,-14.969242,-0.09160519,0.63354355,0.12732977,0.3501617,-0.13613443,0.54719937,0.4324301,-1.0336903
-0.4203913,-0.37061638,-1.0,1.0,1.0,1.0,-1.0,1.0,1.0,-0.9250927,-0.4203913,-13.089402,-0.20187964,0.5599264,0.01751945,0.47116494,-0.21096234,0.520861,0.5403436,-0.9482252
-0.58215564,-0.39697415,-1.0,1.0,1.0,1.0,-1.0,1.0,1.0,-0.98533666,-0.58215564,-12.340882,-0.272993,0.5977354,0.06891144,0.53884274,-0.38881463,0.5289207,0.9414642,-0.9653992
-0.43638247,-0.30143148,-1.0,1.0,1.0,1.0,-1.0,1.0,1.0,-0.9288533,-0.43638247,-10.831805,-0.2608014,0.5672375,0.09859537,0.37153316,-0.37005994,0.4337872,0.9957901,-0.889977
-0.24708594,-0.37400365,-1.0,1.0,1.0,1.0,-1.0,1.0,1.0,-0.91225994,-0.24708594,-12.776339,-0.24648885,0.49718365,0.13121465,0.40983966,-0.3660068,0.44359034,1.1054982,-0.91282934
-0.38517624,-0.4304102,-1.0,1.0,1.0,1.0,-1.0,1.0,1.0,-0.9710307,-0.38517624,-14.030309,-0.40871862,0.40080833,0.10017774,0.42701197,-0.28464448,0.39073643,1.060541,-0.7791221
-0.7674095,-0.49293917,-1.0,1.0,1.0,1.0,-1.0,1.0,1.0,-0.96091187,-0.7674095,-15.450449,-0.4119438,0.39338714,0.053585224,0.2833993,-0.39032802,0.50165313,1.0620631,-1.0868462
-0.94545454,-0.48389643,-1.0,1.0,1.0,1.0,-1.0,1.0,1.0,-0.99382055,-0.94545454,-13.297263,-0.34152362,0.22849455,0.051714543,0.13556388,-0.41916505,0.50929666,1.1045992,-1.0619249
-0.9740228,-0.9135812,-1.0,1.0,1.0,1.0,-1.0,1.0,1.0,-0.97098184,-0.9740228,-12.145467,-0.254044,-0.03844209,0.091180295,0.12449768,-0.36362574,0.6808983,1.0761288,-1.2302884
-0.8779152,-0.7528285,-1.0,1.0,1.0,1.0,-1.0,1.0,1.0,-0.97147214,-0.8779152,-13.052385,-0.19462042,-0.05752617,0.2869457,0.47482857,-0.29332677,0.5350416,0.97768384,-1.0027599
-0.62261575,-0.7249661,-1.0,1.0,1.0,1.0,-1.0,1.0,1.0,-0.9488026,-0.62261575,-10.046757,-0.21973246,-0.107188836,0.36376813,0.4728743,-0.071231395,0.46796453,0.84229136,-0.9600166
-0.75861335,-0.71463674,-1.0,1.0,1.0,1.0,-1.0,1.0,1.0,-0.9513796,-0.75861335,-11.690441,-0.33581278,-0.14663224,0.33152235,0.18217318,-0.2396693,0.4078094,0.8673183,-0.8898963
-0.6914423,-0.6986991,-1.0,1.0,1.0,1.0,-1.0,1.0,1.0,-0.9193406,-0.6914423,-12.619697,-0.27699697,-0.093872696,0.28097036,0.15048717,-0.2736406,0.33417326,1.0580307,-1.1096948
-0.97197115,-0.74879414,-1.0,1.0,1.0,1.0,-1.0,1.0,1.0,-0.92821753,-0.97197115,-13.750941,-0.33708447,0.07714884,0.2621773,-0.20206288,-0.3528645,0.45641747,1.2150258,-1.0665189
-1.0573804,-0.8510366,-1.0,1.0,1.0,1.0,-1.0,1.0,1.0,-0.9516283,-1.0573804,-8.925031,-0.3571091,0.07673253,0.21150956,-0.3897277,-0.31131062,0.48789147,1.2724092,-1.1095384
-0.85516375,-0.6633535,-1.0,1.0,1.0,1.0,-1.0,1.0,1.0,-0.92144775,-0.85516375,-9.377344,-0.4902393,0.12726313,0.14682119,-0.5360151,-0.3325862,0.41652146,1.1573933,-0.98108876
-0.8864831,-0.63968813,-1.0,1.0,1.0,1.0,-1.0,1.0,1.0,-0.9142771,-0.8864831,-8.805499,-0.5940126,0.21199293,0.2006746,-0.59995687,-0.33307827,0.46643567,1.1700109,-1.0126255
-1.007676,-0.57626754,-1.0,0.931285,1.0,1.0,-1.0,1.0,1.0,-1.0,-1.007676,-9.367037,-0.80814475,0.2336731,0.14481725,-0.7248936,-0.38476747,0.41862684,1.0633663,-0.76168716
-1.2660252,-0.6692979,-1.0,1.0,1.0,1.0,-1.0,1.0,1.0,-1.0,-1.2660252,-11.782665,-0.8176719,0.17546606,0.20723747,-0.73599494,-0.6280453,0.5137857,1.061213,-0.65071625
-1.557863,-0.7792033,-1.0,0.81168884,1.0,0.9766964,-1.0,1.0,1.0,-1.0,-1.557863,-12.314302,-0.76395065,-0.15613799,0.19189407,-0.6106401,-0.4930479,0.60193634,1.0151054,-0.24764034
-1.6966357,-1.0,-1.0,0.3629582,1.0,0.86778545,-1.0,1.0,1.0,-1.0,-1.6966357,-11.1151085,-0.8013999,0.05448064,0.14086658,-0.34933534,-0.4266091,0.55982405,0.9749974,-0.1999768
-1.4987661,-0.81062216,-1.0,1.0,1.0,1.0,-1.0,1.0,1.0,-1.0,-1.4987661,-14.374037,-0.8395119,0.01744589,0.22366396,0.16887079,-0.46044865,0.54073733,1.0233305,-0.49524733
-1.2321055,-0.715072,-1.0,1.0,1.0,1.0,-1.0,1.0,1.0,-1.0,-1.2321055,-15.863378,-0.7423506,-0.033211526,0.25762072,0.24342217,-0.56380606,0.4104362,0.8813827,-0.5038241
-1.2437907,-0.70633125,-1.0,1.0,1.0,1.0,-1.0,1.0,1.0,-1.0,-1.2437907,-14.200951,-0.75744975,-0.02409582,0.03242615,0.26508027,-0.563906,0.5505415,0.8602074,-0.7699755
-1.4348319,-0.7419355,-1.0,1.0,1.0,1.0,-1.0,1.0,1.0,-1.0,-1.4348319,-15.001721,-0.82563573,-0.17079338,-0.045388423,0.113275155,-0.45068017,0.5205733,0.91681874,-0.7766716
-1.5442891,-0.80941457,-1.0,0.52684414,1.0,0.68898255,-1.0,1.0,1.0,-1.0,-1.5442891,-11.908642,-0.8514704,-0.12532218,-0.036158696,-0.23115012,-0.5126677,0.6105099,0.7083784,-0.8410095
-1.555977,-0.75539607,-1.0,1.0,1.0,1.0,-1.0,1.0,1.0,-1.0,-1.555977,-14.483748,-0.7311001,-0.046466827,-0.022174168,-0.35826775,-0.7228137,0.73379785,0.9227874,-0.80566067
-1.5235392,-0.73317754,-1.0,1.0,1.0,1.0,-1.0,1.0,1.0,-1.0,-1.5235392,-13.708773,-0.70475537,-0.009409599,-0.015412046,-0.3189744,-0.7702417,0.5478007,0.96308297,-0.82986915
-1.4816976,-0.68647236,-1.0,0.37977722,1.0,0.5680635,-1.0,1.0,0.88053644,-1.0,-1.4816976,-11.379844,-0.77590233,0.06185452,0.05681947,-0.5228734,-0.8385789,0.4973274,0.8844184,-0.7546002
-1.4122301,-0.66407996,-1.0,0.6698189,1.0,0.7833822,-1.0,1.0,1.0,-1.0,-1.4122301,-12.309424,-0.7962198,0.044632226,0.0348461,-0.611691,-0.8503628,0.5473389,0.8298445,-0.4999689
-1.7078158,-0.66755277,-1.0,-0.2625296,1.0,-0.012164235,-1.0,1.0,-0.22776309,-1.0,-1.7078158,-11.609387,-0.8202519,0.022189748,-0.05701362,-0.66870594,-0.9900742,0.50384825,0.91510266,-0.25682986
-1.9435937,-0.65608066,-1.0,-0.7205466,1.0,-0.6107125,-1.0,0.76659614,-1.0,-1.0,-1.9435937,-11.433471,-0.8181175,-0.14884052,-0.09890199,-0.43191412,-1.1354804,0.5370187,0.9404829,-0.027745973
-1.8757803,-1.0,-1.0,-0.97973776,1.0,-0.712518,-1.0,0.9037401,-1.0,-1.0,-1.8757803,-8.655551,-0.77854127,-0.3087832,0.021272367,-0.33229345,-0.926737,0.52417654,0.85213065,0.26665333
-1.7259854,-0.9319895,-1.0,-1.0,1.0,-1.0,-1.0,0.59108174,-1.0,-1.0,-1.7259854,-7.0720673,-0.89991146,-0.36090142,0.09768646,-0.11204956,-0.6947356,0.5430899,0.5884909,0.4603379
-1.5568349,-0.80851907,-1.0,-0.96305275,1.0,-1.0,-1.0,0.62237805,-1.0,-1.0,-1.5568349,-8.384466,-0.98249435,-0.36388397,0.071603976,0.010702903,-0.7543687,0.3365187,0.3734525,0.267218
-1.5273627,-0.74976104,-1.0,-1.0,1.0,-1.0,-1.0,0.3583012,-1.0,-1.0,-1.5273627,-7.00217,-0.9662628,-0.44792905,-0.03900788,-0.0008046871,-0.56696486,0.09362426,0.6231163,0.07365464
-1.5711172,-0.6777531,-1.0,-1.0,1.0,-1.0,-1.0,0.38563025,-1.0,-1.0,-1.5711172,-7.829287,-1.0359957,-0.5091696,-0.18547009,-0.3081672,-0.6916024,0.2372266,0.5327216,-0.020764252
-1.8291464,-0.833965,-1.0,-0.97414446,1.0,-0.9031577,-1.0,0.8298946,-1.0,-1.0,-1.8291464,-10.612174,-1.0359957,-0.45890883,-0.19294226,-0.14297014,-0.8262341,0.22956198,0.8124544,-0.02676004
-1.878731,-0.8352265,-1.0,-0.94416463,1.0,-0.7883408,-1.0,0.8809698,-1.0,-1.0,-1.878731,-10.2563505,-0.94199806,-0.6192339,-0.14121047,-0.34978366,-0.85426944,0.22560234,0.7076386,-0.25164047
-1.765402,-0.74205285,-1.0,-0.89842033,1.0,-0.8465435,-1.0,0.78056836,-1.0,-1.0,-1.765402,-10.45334,-1.0271229,-0.6005808,-0.13497613,-0.25918663,-0.8745841,0.18117537,0.59262055,-0.30171856
-1.6033202,-0.7724045,-1.0,0.29338622,1.0,0.3376552,-1.0,1.0,1.0,-1.0,-1.6033202,-14.747921,-0.9946158,-0.6819156,-0.09979914,-0.5032824,-1.0943763,0.14799638,0.37948492,-0.41905546
-1.6335875,-0.7447464,-1.0,0.82883316,1.0,0.8128015,-1.0,1.0,1.0,-1.0,-1.6335875,-16.433298,-1.0225087,-0.7340212,-0.12996703,-0.7156962,-0.997762,0.14050673,0.24480097,-0.2695249
-1.9774911,-0.82216567,-1.0,0.5962813,1.0,0.64074093,-1.0,1.0,1.0,-1.0,-1.9774911,-16.60295,-0.9708992,-0.72552866,-0.15670489,-0.64916945,-0.782316,0.21126002,0.3887999,-0.21931717
-2.2356422,-0.90189844,-1.0,-0.50029445,1.0,-0.31470448,-1.0,1.0,-0.06816414,-1.0,-2.2356422,-14.042995,-0.86362714,-0.70688087,-0.1647614,-0.5523244,-0.82591975,0.34446457,0.53009856,0.024092203
-2.1485643,-1.0,-1.0,-0.77000535,1.0,-0.47347763,-1.0,1.0,-0.5045655,-1.0,-2.1485643,-10.557256,-0.6494173,-0.69495976,-0.13055785,-0.39533278,-0.8545001,0.6904343,0.604133,0.22658889
-1.9104948,-0.8782876,-1.0,-1.0,1.0,-1.0,-1.0,0.25839913,-1.0,-1.0,-1.9104948,-6.2706194,-0.62200123,-0.68078005,-0.213297,-0.17591728,-0.67655075,0.6281404,0.3753873,0.38942587
-1.5456982,-0.8143392,-1.0,-1.0,1.0,-1.0,-1.0,0.59085,-1.0,-1.0,-1.5456982,-7.4601817,-0.5977491,-0.7134242,-0.32052267,-0.043690026,-0.4632192,0.36208847,0.32484838,0.16105856
-1.4509132,-0.66013664,-1.0,-1.0,1.0,-1.0,-1.0,0.11487868,-1.0,-1.0,-1.4509132,-6.400456,-0.6616825,-0.83896965,-0.26281187,0.023884453,-0.62816745,0.29711157,0.1662856,0.0004922594
-1.4343334,-0.6132304,-1.0,-1.0,1.0,-1.0,-1.0,-0.25401074,-1.0,-1.0,-1.4343334,-4.3922706,-0.77855325,-0.7415861,-0.3923722,-0.09132028,-0.5114162,0.3581788,0.6221379,0.08003713
-1.6110662,-0.3175283,-1.0,-1.0,1.0,-1.0,-1.0,-0.7822526,-1.0,-1.0,-1.6110662,-2.3235836,-0.91854215,-0.77852535,-0.37751323,-0.31993124,-0.64405066,0.18220472,0.71334696,0.084884904
-1.6771739,-0.5563608,-1.0,-1.0,1.0,-1.0,-1.0,-0.35950115,-1.0,-1.0,-1.6771739,-4.7931075,-0.91529995,-0.871769,-0.3547975,-0.43121794,-0.5243644,0.1284827,0.7491391,0.30315587
-1.6966656,-0.6221549,-1.0,-1.0,1.0,-1.0,-1.0,-0.019753762,-1.0,-1.0,-1.6966656,-5.784588,-0.9123335,-0.84234357,-0.23136297,-0.69322366,-0.577758,0.018166987,0.7881192,0.13073859
-1.6705235,-0.5546543,-1.0,-1.0,1.0,-1.0,-1.0,0.24808115,-1.0,-1.0,-1.6705235,-7.4812164,-0.90336627,-0.9454419,-0.17960115,-0.715171,-0.81729805,-0.040924024,0.58716035,-0.15766557
-1.7363855,-0.5207831,-1.0,-0.96093357,1.0,-0.9227903,-1.0,0.27541932,-1.0,-1.0,-1.7363855,-7.940121,-0.87452215,-1.0767251,-0.28300354,-1.0288135,-0.7908085,-0.026819099,0.48651475,-0.1016798
-1.8627263,-0.45162356,-1.0,-0.9599608,1.0,-1.0,-1.0,0.06737565,-1.0,-1.0,-1.8627263,-8.392892,-1.0023264,-1.0719451,-0.23701984,-1.0491791,-0.8364574,-0.0583252,0.19321112,0.14836226
-2.0547433,-0.5939883,-1.0,-0.9287176,1.0,-0.98491955,-1.0,0.45791966,-1.0,-1.0,-2.0547433,-10.638888,-1.0359957,-1.1618704,-0.23730882,-0.82352954,-0.6693142,-0.06487025,0.042686697,0.22617194
-2.0702157,-1.0,-1.0,-0.36576468,1.0,-0.1581502,-1.0,1.0,0.3220984,-1.0,-2.0702157,-14.2430935,-1.0117501,-0.8885182,-0.24928217,-0.64198697,-0.6647253,-0.04898291,-0.14669017,0.46087304
-1.9287635,-0.96406895,-1.0,-0.1258838,1.0,0.040667117,-1.0,1.0,0.6345674,-1.0,-1.9287635,-13.724905,-0.92033,-0.69119346,-0.14365132,-0.53249145,-0.6150535,0.044827327,-0.14632137,0.25068095
-1.7407913,-0.8752739,-1.0,-0.24165939,1.0,-0.15510792,-1.0,1.0,0.3060448,-1.0,-1.7407913,-13.111963,-0.9150105,-0.48753017,-0.2393969,-0.24023819,-0.5246243,-0.084561475,0.04988574,-0.17376219
-1.664881,-0.78720707,-1.0,-0.31142944,1.0,-0.2545863,-1.0,1.0,-0.058276445,-1.0,-1.664881,-12.181723,-0.8736361,-0.37638247,-0.25217307,-0.23299956,-0.5348075,-0.026025467,0.079862565,-0.38159353
-1.7739867,-0.45860583,-1.0,-0.908267,1.0,-1.0,-1.0,-0.4176797,-1.0,-1.0,-1.7739867,-7.0481596,-0.8423174,-0.53686756,-0.3964139,-0.4456044,-0.7550642,-0.18629625,0.18149194,-0.5154587
-1.7324516,-0.46245664,-1.0,-0.95211506,1.0,-1.0,-1.0,-0.64815825,-1.0,-1.0,-1.7324516,-6.1009626,-0.96616274,-0.63083977,-0.44273797,-0.43136165,-0.71262455,-0.2093192,0.22286412,-0.5569531
-1.6998281,-0.45461345,-1.0,-0.8949472,1.0,-1.0,-1.0,-0.5060947,-1.0,-1.0,-1.6998281,-6.5287595,-1.0359957,-0.61963916,-0.41942018,-0.57398176,-0.5945418,-0.09817205,0.11216834,-0.64893156
-1.7120118,-0.41985065,-1.0,-0.87562895,1.0,-1.0,-1.0,-0.26588207,-1.0,-1.0,-1.7120118,-7.0281196,-0.9645031,-0.6987582,-0.32401213,-0.712032,-0.6468754,-0.15053862,0.18277237,-0.60777116
-1.5520223,-0.44427437,-1.0,-0.5124258,1.0,-0.46346518,-1.0,0.55294853,-1.0,-1.0,-1.5520223,-10.033223,-1.0217159,-0.7293836,-0.21332246,-0.93996894,-0.72792643,-0.18625405,0.08852352,-0.6115192
-1.7789323,-0.3548562,-1.0,-0.59501755,1.0,-0.6874041,-1.0,0.16346496,-1.0,-1.0,-1.7789323,-8.922015,-0.868437,-0.8103672,-0.18986581,-1.1416783,-0.63944805,-0.19786215,-0.18422124,-0.3565105
-1.9667352,-0.4114889,-1.0,-0.7910373,1.0,-1.0,-1.0,-0.42462867,-1.0,-1.0,-1.9667352,-7.3757825,-0.83422303,-0.7755943,-0.22100745,-0.9600853,-0.59622794,-0.21737508,-0.32305318,-0.29075927
-2.125374,-0.37626362,-1.0,-0.8429611,1.0,-1.0,-1.0,-0.47284257,-1.0,-1.0,-2.125374,-7.602746,-0.6017832,-0.67065686,-0.26010028,-0.79982966,-0.66397583,-0.12190484,-0.28570116,0.14285211
-2.078134,-0.72302735,-1.0,-1.0,1.0,-1.0,-1.0,-0.19280905,-1.0,-1.0,-2.078134,-6.6153183,-0.556579,-1.0831575,-0.2364699,-0.58801264,-0.71060836,-0.1096613,-0.35029003,0.13888091
-1.9330664,-0.19572039,-1.0,-1.0,0.8574419,-1.0,-1.0,-1.0,-1.0,-1.0,-1.9330664,-2.7236123,-0.5168261,-1.0012684,-0.30025488,-0.47703,-0.46520635,-0.05261436,-0.40741828,0.41695383
-1.5786769,-0.0036479235,-1.0,-1.0,0.47858667,-1.0,-0.6633158,-1.0,-1.0,-1.0,-1.5786769,-1.1830008,-0.57025737,-0.9429893,-0.3162563,-0.44286144,-0.27456474,-0.12977153,-0.3039068,0.46251428
-1.5742118,0.29794425,-1.0,-1.0,0.17082304,-1.0,-0.29862314,-1.0,-1.0,-1.0,-1.5742118,0.70773315,-0.6580306,-0.7968519,-0.41198328,-0.43987644,-0.3955937,-0.11334598,-0.24719015,0.40837473
-1.4272432,0.15439971,-1.0,-1.0,0.37825954,-1.0,-0.2954352,-1.0,-1.0,-1.0,-1.4272432,1.0278568,-0.6647241,-1.0073293,-0.47238347,-0.37045047,-0.3660657,-0.25222582,0.2559362,0.122709386
-1.4485679,0.29214695,-1.0,-1.0,0.28112984,-1.0,-0.19166733,-1.0,-1.0,-1.0,-1.4485679,2.6631844,-0.7713667,-0.97695595,-0.58212173,-0.2640019,-0.38566253,-0.2813368,0.4506622,0.07544964
-1.3852535,0.7636586,-1.0,-1.0,-0.40081662,-1.0,0.06626631,-1.0,-1.0,-1.0,-1.3852535,4.1713424,-0.9130733,-0.874938,-0.58212173,-0.09701164,-0.34146696,-0.40885803,0.2849265,0.14529866
-1.3387088,1.0,-1.0,-1.0,-1.0,-1.0,0.7071183,-1.0,-1.0,-0.23315904,-1.3387088,5.7243824,-0.95336884,-0.8637742,-0.5217101,-0.18465273,-0.36358985,-0.36079064,0.20769905,0.073290564
-1.1624912,0.23092948,-1.0,-1.0,0.027986666,-1.0,-0.4153875,-1.0,-1.0,-1.0,-1.1624912,0.37598145,-0.9928479,-0.87761056,-0.5352553,-0.17958993,-0.39236498,-0.33526778,0.259394,0.020840993
-1.0944235,0.0965042,-1.0,-1.0,0.17325887,-1.0,-0.7327176,-1.0,-1.0,-1.0,-1.0944235,-0.8804275,-1.0280298,-0.9592083,-0.44546095,-0.2734666,-0.4593069,-0.35716334,0.054999672,0.18333858
-1.1931971,0.17678465,-1.0,-1.0,-0.030838529,-1.0,-0.55503356,-1.0,-1.0,-1.0,-1.1931971,-0.116207734,-0.9966534,-0.780688,-0.38674593,-0.35927156,-0.2596434,-0.35921973,-0.025537746,0.2470753
-1.4664179,0.14686818,-1.0,-1.0,-0.13584629,-1.0,-0.5679939,-1.0,-1.0,-1.0,-1.4664179,0.05790095,-0.8744123,-0.60715795,-0.42136422,-0.25151032,-0.2582798,-0.42830658,-0.08057546,0.20068614
-1.5660715,0.2984354,-1.0,-1.0,0.020521937,-1.0,-0.36464775,-1.0,-1.0,-1.0,-1.5660715,0.24144779,-0.8202786,-0.44042203,-0.43257594,-0.10033472,-0.29884276,-0.35048795,-0.19904238,0.42788476
-1.5499066,0.32802272,-1.0,-1.0,-0.22017315,-1.0,-0.34889936,-1.0,-1.0,-1.0,-1.5499066,0.92236567,-0.80392724,-0.2005359,-0.32266054,0.062020384,-0.14233325,-0.3779324,-0.31877062,0.30660188
-1.4318573,0.48689616,-1.0,-1.0,-0.57292914,-1.0,-0.14172168,-1.0,-1.0,-1.0,-1.4318573,2.1635463,-0.83008105,-0.19024707,-0.3400877,0.010167067,-0.13816401,-0.5423481,-0.15987031,0.038399044
-1.4014311,0.28859717,-1.0,-1.0,-0.5057533,-1.0,-0.33369935,-1.0,-1.0,-1.0,-1.4014311,1.3588732,-0.73251235,-0.12202419,-0.34196934,-0.18257304,-0.15737048,-0.6619884,-0.19686474,0.08650585
-1.310459,0.8660293,-1.0,-1.0,-1.0,-1.0,0.28960943,-1.0,-1.0,-0.5529754,-1.310459,3.3862982,-0.55965066,-0.28491676,-0.39758456,-0.20293333,-0.12378979,-0.78766966,-0.40787178,-0.051020667
-1.1417466,1.0,1.0,-0.72559327,-1.0,-1.0,1.0,-1.0,-1.0,0.9531678,-1.1417466,7.692826,-0.5069549,-0.29347447,-0.4564154,-0.31987414,-0.13108782,-0.7775219,-0.2865991,0.093571946
-0.9034708,1.0,1.0,-0.72488403,-1.0,-1.0,1.0,-1.0,-1.0,0.9657831,-0.9034708,6.849097,-0.38680997,-0.3389576,-0.4920763,-0.54434776,-0.11770352,-0.49502623,-0.23636313,-0.012015455
-0.9144006,1.0,1.0,-0.7099156,-1.0,-1.0,1.0,-1.0,-1.0,1.0,-0.9144006,7.7205114,-0.37829366,-0.44404525,-0.4178524,-0.8292674,-0.12485318,-0.44301665,-0.42337176,0.079373665
-0.8198066,1.0,1.0,-0.82279587,-1.0,-1.0,1.0,-1.0,-1.0,1.0,-0.8198066,8.428944,-0.24556898,-0.5409464,-0.4199957,-1.0466684,-0.0693661,-0.33586982,-0.30695075,-0.035161622
-0.77650136,1.0,1.0,-0.66072464,-1.0,-1.0,1.0,-1.0,-1.0,1.0,-0.77650136,8.895471,-0.27305827,-0.5333441,-0.40421313,-1.0297176,-0.008680194,-0.4192592,-0.6365245,-0.023200296
-0.7190594,1.0,0.022200301,-0.7580448,-1.0,-1.0,1.0,-1.0,-1.0,0.45273688,-0.7190594,4.943847,-0.2702964,-0.40294525,-0.26576182,-0.93107224,-0.045989055,-0.3631107,-0.64947253,0.096023105
-0.7955855,1.0,1.0,-0.5175723,-1.0,-1.0,1.0,-1.0,-1.0,1.0,-0.7955855,8.78998,-0.26728228,-0.59207994,-0.25782007,-0.5933954,0.08185816,-0.35348403,-0.689599,0.14494413
-0.8271341,1.0,1.0,-1.0,-1.0,-1.0,1.0,-1.0,-1.0,1.0,-0.8271341,7.4435673,-0.20566903,-0.6135832,-0.303842,-0.5278062,0.22956745,-0.28896698,-0.7952688,0.22833987
-0.7494152,1.0,1.0,-1.0,-1.0,-1.0,1.0,-1.0,-1.0,1.0,-0.7494152,9.681664,-0.1870731,-0.5107348,-0.34961516,-0.35344875,0.13202429,-0.2486108,-0.62771887,0.36823678
-0.74499696,1.0,1.0,-1.0,-1.0,-1.0,1.0,-1.0,-1.0,1.0,-0.74499696,11.978116,-0.12819104,-0.47187126,-0.24213429,-0.22638746,0.20999455,-0.037901763,-0.51735264,0.27349675
-0.6767265,1.0,1.0,-1.0,-1.0,-1.0,1.0,-1.0,-1.0,1.0,-0.6767265,10.867869,-0.08217271,-0.4153419,-0.199307,-0.1048702,0.13834205,-0.055616543,-0.49331647,0.34134716
-0.27301946,1.0,1.0,-0.88571334,-1.0,-1.0,1.0,-1.0,-1.0,1.0,-0.27301946,9.303327,-0.03713911,-0.34044906,-0.12035967,-0.22477041,0.012366871,-0.05460056,-0.43888703,0.16690859
-0.14837657,1.0,1.0,-0.48292983,-1.0,-1.0,1.0,-1.0,-1.0,1.0,-0.14837657,6.197583,0.02075665,-0.33127308,-0.10006557,-0.20728292,0.089959234,0.050704096,-0.41014087,0.3042885
-0.08078484,1.0,1.0,-0.053616866,-1.0,-1.0,1.0,-1.0,-1.0,0.8968086,-0.08078484,3.830501,0.14753248,-0.33085808,-0.079935476,-0.32108432,0.01182006,0.020775551,-0.55334127,0.14871264
-0.2519254,1.0,0.98522055,-0.24131392,-1.0,-1.0,1.0,-1.0,-1.0,0.9736563,-0.2519254,4.5436482,0.2274723,-0.33353138,-0.094401464,-0.49855858,0.0570875,0.07236874,-0.47915846,0.13749048
-0.14476478,1.0,0.7302319,0.10488762,-1.0,-1.0,0.94118345,-1.0,-1.0,0.7259071,-0.14476478,3.4646862,0.3683883,-0.26599005,-0.11639942,-0.43107045,0.17805122,-0.0017613309,-0.52839655,0.19377442
-0.031183418,1.0,0.9816164,0.00039179623,-1.0,-1.0,1.0,-1.0,-1.0,0.9099601,-0.031183418,4.473615,0.26785854,-0.11723177,-0.10354462,-0.4951351,0.068583846,-0.0059772264,-0.47695237,0.34227642
0.0056366525,1.0,1.0,0.3769187,-1.0,-1.0,0.829764,-1.0,-1.0,0.76459867,0.0056366525,3.5355024,0.31267223,-0.22660445,-0.043544002,-0.26610905,0.2226288,0.013192129,-0.5612884,0.19840665
0.096857674,1.0,1.0,0.050407127,-1.0,-1.0,1.0,-1.0,-1.0,1.0,0.096857674,6.577861,0.34315246,-0.30647755,0.0012049668,-0.23845655,0.102812745,0.055750914,-0.79417825,0.18105978
0.17767698,1.0,1.0,-0.7937971,-1.0,-1.0,1.0,-1.0,-1.0,1.0,0.17767698,8.799089,0.40149525,-0.6570533,-0.054699816,-0.14892331,0.154703,0.30325928,-0.79302084,0.109271
0.25319555,1.0,1.0,-0.2257124,-1.0,-1.0,1.0,-1.0,-1.0,1.0,0.25319555,6.04885,0.33365005,-0.52397156,-0.14936538,-0.42055434,0.26866642,0.30038735,-0.5434853,0.38000748
0.41399214,1.0,1.0,1.0,-1.0,-1.0,1.0,-1.0,-1.0,1.0,0.41399214,3.4077356,0.3778197,-0.061992418,-0.10988807,-0.5262648,0.20575157,0.2427711,-0.55162644,0.547567
0.40573394,1.0,1.0,0.6202971,-1.0,-1.0,1.0,-1.0,-1.0,1.0,0.40573394,4.952567,0.32201782,0.13842013,-0.13236141,-0.5723717,0.09584421,0.017920053,-0.6258923,0.5293551
0.402877,1.0,1.0,0.3183423,-1.0,-1.0,1.0,-1.0,-1.0,1.0,0.402877,6.309999,0.39350793,0.12355063,-0.12777652,-0.59211147,0.16700228,-0.02082389,-0.8121114,0.4858428
0.5226016,0.95498496,1.0,1.0,-1.0,-0.7606712,-0.8820865,-1.0,-1.0,0.7438852,0.5226016,1.734176,0.45676038,0.0749201,-0.1530071,-0.41997418,0.30618358,-0.11211875,-1.0108353,0.4380321
0.6467001,1.0,1.0,1.0,0.52901393,0.7387743,-1.0,-1.0,-1.0,0.6338876,0.6467001,-2.2545705,0.47606638,0.10134738,-0.20310688,-0.3721578,0.13835666,-0.15689301,-1.2200918,0.31493822
0.53141737,0.82772464,0.7299036,1.0,0.69126856,0.4779663,-1.0,-1.0,-1.0,0.24144372,0.53141737,-3.4796846,0.5202617,0.061327327,-0.1651598,-0.005325875,-0.05541753,-0.20451982,-1.0073417,0.32214352
0.44634724,0.5693698,-0.39532363,1.0,1.0,0.7653191,-1.0,-1.0,-1.0,-0.20577154,0.44634724,-5.5374517,0.5021419,0.09585745,-0.15965809,0.06047932,-0.1397499,-0.1845358,-0.76254207,0.25702366
0.46103504,0.5838439,-0.29681945,1.0,1.0,0.61747926,-1.0,-1.0,-1.0,-0.22120565,0.46103504,-5.104186,0.5439148,0.065672755,-0.10189053,0.20175146,-0.2452993,-0.16904712,-0.5109787,0.2791715
0.5607732,0.71110404,-0.09931646,1.0,1.0,0.695779,-1.0,-1.0,-1.0,-0.059423063,0.5607732,-5.074333,0.48669645,0.11487548,-0.10591043,0.114840165,-0.19466768,-0.2054581,-0.39323193,0.21184495
0.54548806,0.77025,-0.19351162,1.0,1.0,0.9398191,-1.0,-0.96234816,-1.0,0.0508137,0.54548806,-6.033057,0.4654799,0.27918008,-0.11744583,0.0012243225,-0.06739281,-0.34253758,-0.18636261,-0.15231638
0.6055643,1.0,1.0,1.0,0.4254296,1.0,-1.0,-1.0,-1.0,0.9935161,0.6055643,-3.0337665,0.3160963,0.42330605,-0.070101656,-0.05412513,-0.095797636,-0.42004594,-0.19221194,-0.38504127
0.6494472,1.0,1.0,1.0,-0.032351866,1.0,-1.0,-1.0,-1.0,1.0,0.6494472,-2.033522,0.46975398,0.4826832,-0.0067605483,-0.33805826,0.041081846,-0.5574123,-0.16660143,-0.4464483
0.6276645,1.0,1.0,1.0,-0.37911254,1.0,-1.0,-1.0,-1.0,1.0,0.6276645,-1.1219871,0.32029524,0.54150975,-0.09277582,-0.26272935,0.22878678,-0.686286,-0.15859893,-0.36419752
0.67445093,1.0,1.0,1.0,-0.95621234,0.6493339,-0.6056427,-1.0,-1.0,1.0,0.67445093,1.0433807,0.40079707,0.4075819,-0.06528469,-0.2296428,0.24076119,-0.66458505,-0.20167997,-0.26946235
0.7609892,1.0,1.0,1.0,-1.0,-1.0,1.0,-1.0,-1.0,1.0,0.7609892,4.055326,0.4386729,0.31471643,-0.032806188,-0.05605582,-0.022418046,-0.6899866,-0.5219697,-0.1687466
0.91124195,1.0,1.0,0.8624751,-1.0,-1.0,1.0,-1.0,-1.0,1.0,0.91124195,6.668413,0.3909368,0.27063712,-0.0989054,-0.08693564,0.19183306,-0.73751414,-0.99443996,-0.133082
1.08439,1.0,1.0,1.0,-1.0,-1.0,0.7570507,-1.0,-1.0,1.0,1.08439,4.638598,0.39191353,0.33617246,-0.17167579,0.01568735,0.23445849,-0.76575387,-1.1821463,-0.056021515
1.3747983,1.0,1.0,1.0,-1.0,-1.0,0.5115574,-1.0,-1.0,1.0,1.3747983,4.3646507,0.41091225,0.29069462,-0.23177265,0.19972298,0.32327455,-0.74802995,-1.1319671,0.02165224
1.6129512,1.0,1.0,1.0,-1.0,-1.0,1.0,-1.0,-1.0,1.0,1.6129512,6.49784,0.5089576,0.2974214,-0.1806574,0.33583218,0.4737543,-0.780509,-0.9190272,0.027231492
1.9737687,1.0,1.0,1.0,-1.0,-1.0,1.0,-1.0,-1.0,1.0,1.9737687,9.622857,0.56316173,0.36766663,-0.18721269,0.6981498,0.63442254,-0.7967835,-1.0787921,-0.011891748
2.2702737,1.0,1.0,1.0,-1.0,-1.0,1.0,-1.0,-1.0,1.0,2.2702737,9.595681,0.4995831,0.5160824,-0.08764115,0.81995255,0.78045446,-0.82038206,-1.0693235,-0.27630302
2.3818269,1.0,1.0,1.0,-1.0,-1.0,0.91724443,-1.0,-1.0,1.0,2.3818269,6.6600914,0.45321238,0.913727,-0.059202522,0.64037555,0.6094779,-0.88909334,-1.0918912,-0.7412426
2.4620697,1.0,1.0,1.0,-1.0,0.95687795,-0.0188106,-1.0,-1.0,1.0,2.4620697,3.230105,0.5169514,0.75436795,-0.059075743,0.18978454,0.46739596,-0.88864636,-0.89274997,-1.0333885
2.3126533,1.0,1.0,1.0,-0.85259056,1.0,-0.754173,-1.0,-1.0,1.0,2.3126533,-2.1736917,0.41995153,0.646731,-0.13098288,0.036062367,0.3556989,-0.7822178,-0.723528,-1.2439501
2.0986085,1.0,1.0,1.0,-0.4482013,1.0,-1.0,-1.0,-1.0,1.0,2.0986085,-4.5111575,0.5206522,0.59797186,-0.19532815,0.130332,0.19277747,-0.74525523,-0.4232015,-1.2902102
1.9257041,1.0,1.0,1.0,-0.3473836,1.0,-1.0,-1.0,-1.0,1.0,1.9257041,-5.025325,0.42901707,0.58034354,-0.008109019,0.15266731,0.22505811,-0.7517493,-0.44957578,-1.2561918
1.7652915,1.0,1.0,1.0,-0.15680714,1.0,-1.0,-1.0,-1.0,1.0,1.7652915,-5.712058,0.36767843,0.40567523,0.04008305,0.16235925,0.4167016,-0.73969007,-0.7747671,-1.1788278
1.7429537,1.0,1.0,1.0,-0.35977846,1.0,-1.0,-1.0,-1.0,1.0,1.7429537,-4.8382564,0.29688329,0.4389822,0.030566663,0.5557391,0.5614688,-0.77513796,-0.8183293,-0.92521125
1.7732699,1.0,1.0,1.0,-0.4352371,1.0,-1.0,-1.0,-1.0,1.0,1.7732699,-5.130432,0.4008157,0.56135744,0.095952086,0.8435876,0.47542375,-0.7743839,-0.8964467,-0.8128367
2.0214524,1.0,1.0,1.0,0.04769802,1.0,-1.0,-1.0,-1.0,1.0,2.0214524,-6.9747224,0.41761398,0.5081404,0.16609465,1.1077735,0.4607189,-0.663409,-0.776686,-0.68342084
2.0012581,1.0,0.15215985,1.0,1.0,1.0,-1.0,-0.6821955,-1.0,0.34659,2.0012581,-12.082234,0.59552526,0.5544619,0.10610722,1.4060237,0.6226865,-0.580656,-0.5696278,-0.4374075
2.1607106,1.0,1.0,1.0,-0.035044625,1.0,-1.0,-1.0,-1.0,1.0,2.1607106,-7.155215,0.5655307,0.8313483,0.06409045,1.6092333,0.59241664,-0.4380566,-0.7380075,-0.40666798
2.1760874,1.0,1.0,1.0,0.039039806,1.0,-1.0,-1.0,-1.0,1.0,2.1760874,-7.184428,0.4513083,0.9556685,0.13020743,1.476782,0.5608651,-0.53164256,-0.52568233,-0.46126536
2.0963051,1.0,1.0,1.0,0.16620919,1.0,-1.0,-1.0,-1.0,1.0,2.0963051,-7.3952312,0.36085123,1.0606594,0.10239794,1.2652857,0.2283753,-0.5348117,-0.51781857,-0.50579137
1.9902548,1.0,1.0,1.0,-0.08651435,1.0,-1.0,-1.0,-1.0,1.0,1.9902548,-7.1897206,0.229801,1.2464844,0.112945944,1.0326884,0.26976046,-0.51438105,-0.36348307,-0.8453336
1.9595984,1.0,1.0,1.0,0.14470972,1.0,-1.0,-1.0,-1.0,1.0,1.9595984,-6.908202,0.2410305,1.1084012,0.20735674,0.9203403,0.36626077,-0.5693816,-0.34504774,-0.62963945
1.6400732,1.0,1.0,1.0,-0.53790736,1.0,-1.0,-1.0,-1.0,1.0,1.6400732,-2.8868568,0.3103139,1.1722788,0.3058253,0.53282183,0.36695263,-0.4484804,-0.45829555,-0.6534247
1.5048692,1.0,1.0,1.0,-0.33611146,1.0,-1.0,-1.0,-1.0,1.0,1.5048692,-3.935088,0.35521203,1.2464844,0.2720799,0.5049695,0.50238454,-0.47747076,-0.59845066,-0.35054937
1.5464481,1.0,1.0,1.0,0.73725426,1.0,-1.0,-1.0,-1.0,1.0,1.5464481,-6.162451,0.12192649,1.1361966,0.275128,0.40190086,0.51883686,-0.49856868,-0.6048307,-0.08828176
1.468332,1.0,1.0,1.0,-0.18969892,1.0,-1.0,-1.0,-1.0,1.0,1.468332,-3.7690723,0.27929077,1.0052584,0.31338722,0.40081036,0.49526265,-0.5038722,-0.73830086,-0.19985189
1.4383272,1.0,1.0,1.0,-0.66022897,1.0,-1.0,-1.0,-1.0,1.0,1.4383272,-2.1970959,0.36431032,0.989096,0.28099826,0.6048661,0.43414232,-0.5586315,-1.0730733,-0.34663087
1.4773983,1.0,1.0,1.0,-0.7550031,1.0,-1.0,-1.0,-1.0,1.0,1.4773983,-1.9784449,0.4078677,1.0304279,0.22420636,0.9878468,0.58947635,-0.56226814,-1.055719,-0.27071437
1.6072446,1.0,1.0,1.0,-0.94928336,1.0,-1.0,-1.0,-1.0,1.0,1.6072446,1.0872428,0.42839947,1.0885974,0.21643642,1.0497539,0.71957636,-0.48001987,-0.7394609,-0.07010625
1.74961,1.0,1.0,1.0,-0.85006106,1.0,-1.0,-1.0,-1.0,1.0,1.74961,-0.15482914,0.45527107,1.2456772,0.19634625,1.2743468,0.84956115,-0.33505747,-0.5939087,-0.27295837
1.9110425,1.0,1.0,1.0,-0.8133985,1.0,-1.0,-1.0,-1.0,1.0,1.9110425,-0.59137344,0.46216783,0.9219032,0.23355606,1.202507,0.7938056,-0.39661747,-0.7739442,-0.45741838
1.9398725,1.0,1.0,1.0,-0.1888515,1.0,-1.0,-1.0,-1.0,1.0,1.9398725,-5.455134,0.54486775,0.8308488,0.1876773,0.99908084,0.76340896,-0.4253172,-0.7056629,-0.65762186
1.8307352,1.0,1.0,1.0,0.20463091,1.0,-1.0,-1.0,-1.0,1.0,1.8307352,-6.6157675,0.6087829,0.38554645,0.19493984,0.7747674,0.72671777,-0.5302891,-0.50360733,-0.87524045
1.7579045,1.0,1.0,1.0,-0.02433491,1.0,-1.0,-1.0,-1.0,1.0,1.7579045,-5.8834395,0.51829445,0.30330557,0.21816483,0.67282057,0.47347304,-0.5444119,-0.30857766,-1.0763719
1.727347,1.0,1.0,1.0,-0.39904484,1.0,-1.0,-1.0,-1.0,1.0,1.727347,-4.276215,0.4720543,0.34436926,0.37914792,0.3495667,0.3069667,-0.5182842,-0.23003523,-1.4277225
1.5315435,1.0,1.0,1.0,-0.15693358,1.0,-1.0,-1.0,-1.0,1.0,1.5315435,-5.122347,0.46406278,0.4946953,0.3659323,0.39102426,0.306516,-0.430979,-0.24531429,-1.2577274
1.2822126,1.0,1.0,1.0,0.38889733,1.0,-1.0,-1.0,-1.0,1.0,1.2822126,-6.226175,0.64314854,0.3725602,0.40073246,0.4362481,0.292273,-0.31107253,-0.59895426,-1.1130866
1.1905422,1.0,1.0,1.0,-0.27607936,1.0,-1.0,-1.0,-1.0,1.0,1.1905422,-4.229024,0.7301338,0.46286103,0.5006319,0.39266673,0.31380075,-0.49054438,-0.5421271,-1.0433458
1.2389587,1.0,1.0,1.0,0.16874322,1.0,-1.0,-1.0,-1.0,1.0,1.2389587,-5.293847,0.7716375,0.51116437,0.4862905,0.457585,0.42824844,-0.52347255,-0.6121674,-0.7841016
1.1395618,1.0,1.0,1.0,0.45299456,1.0,-1.0,-1.0,-1.0,1.0,1.1395618,-5.810735,0.7238399,0.5406715,0.4139042,0.6215584,0.44019842,-0.5404427,-0.61146975,-0.67644376
1.149953,1.0,1.0,1.0,0.5092715,1.0,-1.0,-1.0,-1.0,1.0,1.149953,-5.545322,0.86008966,0.66059893,0.40642166,0.6801731,0.35906813,-0.41734093,-0.4087181,-0.5296141
1.2221875,1.0,1.0,1.0,-0.53470457,1.0,-1.0,-1.0,-1.0,1.0,1.2221875,-2.8069828,0.91666746,0.8042589,0.36861426,0.8232131,0.4814018,-0.34431118,-0.4076071,-0.5693553
1.3279313,1.0,1.0,1.0,-0.2930149,1.0,-1.0,-1.0,-1.0,1.0,1.3279313,-3.9400406,0.8858502,0.7486351,0.2693274,0.8011794,0.31290236,-0.37683836,-0.25689328,-0.6165752
1.4102668,1.0,1.0,1.0,0.4476155,1.0,-1.0,-1.0,-1.0,1.0,1.4102668,-7.2239285,0.7255532,0.58275855,0.24508914,0.78937864,0.047778584,-0.46101692,-0.1987566,-1.3089579
1.4311473,1.0,1.0,1.0,-0.21008569,1.0,-1.0,-1.0,-1.0,1.0,1.4311473,-5.1251507,0.49276605,0.56762385,0.2366633,0.5029961,-0.08174748,-0.4748157,-0.12557139,-1.159936
1.3023545,1.0,1.0,1.0,0.4359689,1.0,-1.0,-1.0,-1.0,1.0,1.3023545,-6.540186,0.4113948,0.5902258,0.2673277,0.35321712,-0.16385917,-0.43507674,-0.111735195,-1.2827325
1.258957,1.0,1.0,1.0,0.10118318,1.0,-1.0,-1.0,-1.0,1.0,1.258957,-5.1651125,0.45228684,0.58237255,0.30669776,0.007355596,-0.09533938,-0.38948876,-0.078971565,-1.2566987
1.1118745,1.0,1.0,1.0,0.2158441,1.0,-1.0,-1.0,-1.0,1.0,1.1118745,-4.912202,0.441089,0.67623776,0.34799293,0.07095899,0.039266683,-0.24549988,-0.18886764,-1.0933135
0.9535135,1.0,1.0,1.0,0.7159658,1.0,-1.0,-1.0,-1.0,1.0,0.9535135,-5.643426,0.6013297,0.70483255,0.43108183,0.14198926,0.18972933,-0.19343333,-0.44034064,-0.93271035
0.8207185,1.0,0.55511945,1.0,1.0,1.0,-1.0,-0.6937353,-1.0,0.7437414,0.8207185,-6.337619,0.78630775,0.54868376,0.5139599,0.2223926,0.25310418,-0.12917945,-0.39518815,-0.86448663
0.8292544,0.387551,-1.0,1.0,1.0,1.0,-1.0,0.32606792,0.25611863,-0.1882334,0.8292544,-9.835173,0.87056303,0.5681554,0.47673702,0.18308245,0.45043105,-0.14938971,-0.3442127,-0.7472919
0.8706036,1.0,0.20794962,1.0,1.0,1.0,-1.0,-0.48616838,-1.0,0.6275962,0.8706036,-7.0056252,0.9283671,0.6610738,0.3716887,-0.07129737,0.49066687,-0.17059988,-0.29241148,-0.8359792
0.7513555,0.9448852,-0.10323788,1.0,1.0,1.0,-1.0,-0.42787385,-1.0,0.45140725,0.7513555,-7.121024,0.9792399,0.67375743,0.31925493,0.13134098,0.4063421,-0.1531483,-0.14742382,-0.6611049
0.89010423,1.0,1.0,1.0,0.81761605,1.0,-1.0,-1.0,-1.0,1.0,0.89010423,-4.6930847,0.8435274,0.7164926,0.3057508,0.33481503,0.4519532,-0.068590574,-0.07940356,-0.6253395
0.9902017,1.0,0.6289828,1.0,1.0,1.0,-1.0,-0.8814053,-1.0,0.76426464,0.9902017,-6.648226,0.783702,0.6970373,0.3346009,0.56246114,0.45040333,-0.10834329,-0.09951398,-0.61263347
1.1186824,1.0,0.7190973,1.0,1.0,1.0,-1.0,-0.94436496,-1.0,0.85730433,1.1186824,-6.056899,0.7827038,0.5437187,0.37165722,0.37956914,0.49905527,-0.22372475,-0.13886742,-0.37644526
1.1563047,1.0,1.0,1.0,0.99492586,1.0,-1.0,-0.73316973,-1.0,0.90506047,1.1563047,-6.495786,0.7354615,0.8582871,0.43562618,0.26291117,0.16353683,-0.29731396,-0.17665948,-0.786676
1.0809959,1.0,0.6507455,1.0,1.0,1.0,-1.0,-0.6157348,-1.0,0.751596,1.0809959,-7.3425093,0.5935424,0.9003477,0.35692328,0.18145911,0.21753798,-0.34829175,-0.21959724,-0.9793434
0.97677666,1.0,0.41626275,1.0,1.0,1.0,-1.0,-0.70973057,-1.0,0.6642939,0.97677666,-6.736091,0.71609753,0.9179281,0.31994095,0.21394728,-0.022418294,-0.36495066,-0.11636176,-0.5862782
0.8686177,1.0,0.6236644,1.0,1.0,1.0,-1.0,-0.88386065,-1.0,0.7483763,0.8686177,-6.1549697,0.620725,0.85043,0.31366858,0.37574464,0.19232479,-0.28547028,-0.15009788,-0.5719849
0.7498551,1.0,0.40080905,1.0,1.0,1.0,-1.0,-0.8434164,-1.0,0.5994786,0.7498551,-6.585628,0.79621494,0.9100433,0.28734985,0.43895307,0.16440001,-0.27274376,-0.22674674,-0.55012405
0.54764766,0.7935665,-0.1436107,1.0,1.0,1.0,-1.0,-0.7125344,-1.0,0.24430138,0.54764766,-7.553355,0.7802896,0.75198233,0.3712564,0.5830571,0.17516313,-0.3600652,-0.5003406,-0.61224717
0.6996918,1.0,0.46308273,1.0,1.0,1.0,-1.0,-0.98191655,-1.0,0.56131923,0.6996918,-6.740382,0.6113899,0.7724591,0.4189568,0.5758978,0.3590063,-0.48832902,-0.4272967,-0.4343645
0.70308894,1.0,0.7423876,1.0,0.9386796,1.0,-1.0,-1.0,-1.0,0.6304709,0.70308894,-6.030349,0.6314374,0.8050172,0.37262148,0.666635,0.4818728,-0.5045787,-0.38705432,-0.19958048
0.64312255,1.0,1.0,1.0,0.3941971,0.80680203,-1.0,-1.0,-1.0,0.9231024,0.64312255,-4.2534122,0.59649736,0.76711124,0.31539422,0.84287864,0.36964116,-0.39811513,-0.21745522,-0.19566193
0.55889124,1.0,1.0,1.0,0.4586633,0.68626726,-1.0,-1.0,-1.0,0.76061976,0.55889124,-4.2248116,0.5641041,0.7448726,0.4114866,0.85313755,0.16354674,-0.28856015,-0.31982812,-0.12628512
0.49119833,1.0,1.0,1.0,-0.10378526,0.4569837,-1.0,-1.0,-1.0,1.0,0.49119833,-2.9553227,0.5347325,0.807793,0.33348784,0.7916551,0.17101368,-0.41287562,-0.32768795,-0.16017574
0.56860054,1.0,1.0,1.0,0.36128706,0.653245,-1.0,-1.0,-1.0,0.84207886,0.56860054,-3.6822178,0.5304328,0.69342905,0.3396066,0.4234102,-0.00803887,-0.3900954,-0.4066988,-0.259803
